node_id,is_supply,x,y,z
V0s,True,2444.6,1427.4,0.0
V1s,True,2491.5,1470.7,0.0
V2s,True,2525.2,1384.8,0.0
V3s,True,2545.1,1298.8,0.0
V4s,True,2565.7,1213.4,0.0
V5s,True,2592.6,1127.6,0.0
V6s,True,2572.2,1039.7,0.0
V7s,True,2575.3,950.5,0.0
V8s,True,2586.3,860.0,0.0
V9s,True,2521.0,805.0,0.0
V10s,True,2471.5,737.6,0.0
V11s,True,2432.2,663.8,0.0
V12s,True,2400.1,584.7,0.0
V13s,True,2326.8,543.0,0.0
V14s,True,2278.6,474.7,0.0
V15s,True,2246.8,399.8,0.0
V16s,True,2435.6,509.2,0.0
V17s,True,2440.0,426.8,0.0
V18s,True,2429.5,346.9,0.0
V19s,True,2656.2,802.1,0.0
V20s,True,2712.7,733.2,0.0
V21s,True,2760.0,659.3,0.0
V22s,True,2798.6,581.9,0.0
V23s,True,2828.6,501.8,0.0
V24s,True,2851.2,419.8,0.0
V25s,True,2871.6,335.6,0.0
V26s,True,2949.5,303.8,0.0
V27s,True,3008.1,248.1,0.0
V28s,True,3049.9,181.2,0.0
V29s,True,2831.6,258.3,0.0
V30s,True,2815.8,176.2,0.0
V31s,True,2811.6,95.8,0.0
V32s,True,2814.9,18.0,0.0
V33s,True,2673.4,1120.3,0.0
V34s,True,2749.2,1095.3,0.0
V35s,True,2819.2,1056.6,0.0
V36s,True,2883.4,1008.4,0.0
V37s,True,2942.2,954.0,0.0
V38s,True,2995.7,895.8,0.0
V39s,True,2449.6,1551.6,0.0
V40s,True,2406.6,1631.7,0.0
V41s,True,2361.5,1715.8,0.0
V42s,True,2291.6,1803.8,0.0
V43s,True,2333.8,1776.5,0.0
V44s,True,2319.4,1707.1,0.0
V45s,True,2230.6,1879.0,0.0
V46s,True,2261.7,1968.4,0.0
V47s,True,2282.7,2061.2,0.0
V48s,True,2295.3,2153.5,0.0
V49s,True,2302.9,2243.2,0.0
V50s,True,2307.9,2334.1,0.0
V51s,True,2301.5,2427.7,0.0
V52s,True,2328.1,2517.5,0.0
V53s,True,2344.1,2610.2,0.0
V54s,True,2349.7,2707.8,0.0
V55s,True,2433.6,2751.3,0.0
V56s,True,2512.6,2803.8,0.0
V57s,True,2611.3,2807.9,0.0
V58s,True,2641.8,2744.6,0.0
V59s,True,2681.6,2682.9,0.0
V60s,True,2725.5,2620.9,0.0
V61s,True,2773.8,2557.3,0.0
V62s,True,2752.0,2489.7,0.0
V63s,True,2778.0,2415.6,0.0
V64s,True,2818.3,2344.5,0.0
V65s,True,2841.5,2507.9,0.0
V66s,True,2891.5,2436.4,0.0
V67s,True,2957.4,2388.2,0.0
V68s,True,2904.1,2353.4,0.0
V69s,True,2706.4,2842.4,0.0
V70s,True,2681.8,2883.3,0.0
V71s,True,2639.9,2925.9,0.0
V72s,True,2585.7,2967.0,0.0
V73s,True,2519.3,3005.2,0.0
V74s,True,2439.6,2991.8,0.0
V75s,True,2354.6,3013.3,0.0
V76s,True,2477.5,3073.3,0.0
V77s,True,2395.4,3109.2,0.0
V78s,True,2794.0,2883.1,0.0
V79s,True,2884.6,2874.5,0.0
V80s,True,2974.6,2876.7,0.0
V81s,True,3066.8,2881.4,0.0
V82s,True,3073.2,2816.2,0.0
V83s,True,3161.3,2878.9,0.0
V84s,True,3186.3,2800.5,0.0
V85s,True,3220.7,2723.3,0.0
V86s,True,3261.7,2651.1,0.0
V87s,True,3249.9,2903.9,0.0
V88s,True,3318.9,2960.3,0.0
V89s,True,3393.2,3007.4,0.0
V90s,True,3462.3,3061.1,0.0
V91s,True,3524.7,3124.1,0.0
V92s,True,3584.0,3193.6,0.0
V93s,True,3657.4,3251.6,0.0
V94s,True,3733.3,3306.4,0.0
V95s,True,3776.1,3394.8,0.0
V96s,True,3838.4,3470.6,0.0
V97s,True,3895.3,3420.2,0.0
V98s,True,3949.7,3359.1,0.0
V99s,True,4012.8,3296.7,0.0
V100s,True,4051.4,3212.5,0.0
V101s,True,4079.7,3131.0,0.0
V102s,True,3949.1,3292.4,0.0
V103s,True,3983.9,3217.3,0.0
V104s,True,3873.7,3563.6,0.0
V105s,True,3908.6,3657.3,0.0
V106s,True,3951.6,3754.9,0.0
V107s,True,4021.8,3839.5,0.0
V108s,True,3977.5,3862.5,0.0
V109s,True,3984.9,3912.6,0.0
V110s,True,4014.3,3977.0,0.0
V111s,True,4015.0,4043.6,0.0
V112s,True,4074.2,4007.5,0.0
V113s,True,4016.2,3936.3,0.0
V114s,True,4117.0,3890.9,0.0
V115s,True,4207.0,3854.0,0.0
V116s,True,4296.9,3816.2,0.0
V117s,True,4283.6,3759.2,0.0
V118s,True,4280.6,3691.6,0.0
V119s,True,4284.8,3619.5,0.0
V120s,True,4293.2,3544.9,0.0
V121s,True,4385.6,3769.9,0.0
V122s,True,4467.2,3716.7,0.0
V123s,True,4542.8,3751.3,0.0
V124s,True,4624.2,3766.0,0.0
V125s,True,4708.5,3766.7,0.0
V126s,True,4795.2,3758.6,0.0
V127s,True,4887.7,3757.6,0.0
V128s,True,4877.5,3815.7,0.0
V129s,True,4866.9,3878.3,0.0
V130s,True,4863.3,3944.1,0.0
V131s,True,4979.4,3764.5,0.0
V132s,True,5069.2,3760.1,0.0
V133s,True,5066.3,3680.5,0.0
V134s,True,5068.2,3593.9,0.0
V135s,True,5075.3,3500.7,0.0
V136s,True,5106.8,3395.1,0.0
V137s,True,5143.3,3295.5,0.0
V138s,True,5180.9,3200.6,0.0
V139s,True,5220.5,3110.6,0.0
V140s,True,5284.7,3047.4,0.0
V141s,True,5223.4,3023.2,0.0
V142s,True,5117.1,3471.6,0.0
V143s,True,5154.0,3798.7,0.0
V144s,True,5242.4,3769.1,0.0
V145s,True,5319.4,3815.7,0.0
V146s,True,5404.7,3847.8,0.0
V147s,True,5491.8,3866.2,0.0
V148s,True,5577.9,3873.0,0.0
V149s,True,5662.1,3867.6,0.0
V150s,True,5742.3,3857.0,0.0
V151s,True,5820.0,3902.9,0.0
V152s,True,5904.5,3939.4,0.0
V153s,True,5927.5,4027.2,0.0
V154s,True,5951.8,4119.5,0.0
V155s,True,6031.0,4123.8,0.0
V156s,True,6112.4,4132.4,0.0
V157s,True,6195.8,4143.1,0.0
V158s,True,6238.5,4201.3,0.0
V159s,True,6282.7,4143.0,0.0
V160s,True,6362.2,4171.9,0.0
V161s,True,6438.7,4197.1,0.0
V162s,True,5938.7,4207.4,0.0
V163s,True,5943.7,4293.6,0.0
V164s,True,5959.3,4378.5,0.0
V165s,True,5929.6,4459.8,0.0
V166s,True,5876.8,4527.5,0.0
V167s,True,5833.0,4602.9,0.0
V168s,True,5779.4,4673.8,0.0
V169s,True,5743.0,4755.0,0.0
V170s,True,5690.4,4829.5,0.0
V171s,True,5597.4,4845.7,0.0
V172s,True,5604.2,4903.6,0.0
V173s,True,5507.4,4876.8,0.0
V174s,True,5420.8,4909.0,0.0
V175s,True,5333.6,4947.2,0.0
V176s,True,5252.9,4901.7,0.0
V177s,True,5167.7,4865.5,0.0
V178s,True,5130.1,4926.9,0.0
V179s,True,5095.3,4993.6,0.0
V180s,True,5065.8,5064.2,0.0
V181s,True,5091.5,4813.9,0.0
V182s,True,5015.7,4764.4,0.0
V183s,True,4945.4,4703.8,0.0
V184s,True,4855.0,4687.3,0.0
V185s,True,4764.3,4674.5,0.0
V186s,True,4747.8,4749.3,0.0
V187s,True,4730.1,4826.8,0.0
V188s,True,4690.4,4897.0,0.0
V189s,True,4744.5,4901.0,0.0
V190s,True,4681.7,4632.7,0.0
V191s,True,4592.7,4606.0,0.0
V192s,True,4508.5,4567.2,0.0
V193s,True,4421.3,4540.5,0.0
V194s,True,4330.1,4523.8,0.0
V195s,True,4284.1,4436.2,0.0
V196s,True,4238.3,4348.8,0.0
V197s,True,4196.6,4257.8,0.0
V198s,True,4157.8,4163.2,0.0
V199s,True,4121.3,4062.9,0.0
V200s,True,4080.0,3949.8,0.0
V201s,True,4288.0,4608.4,0.0
V202s,True,4259.2,4699.5,0.0
V203s,True,4202.2,4704.3,0.0
V204s,True,4219.1,4792.0,0.0
V205s,True,4189.3,4887.7,0.0
V206s,True,4170.0,4979.3,0.0
V207s,True,4146.8,5069.0,0.0
V208s,True,4121.5,5159.1,0.0
V209s,True,4179.4,5194.2,0.0
V210s,True,4096.0,5250.7,0.0
V211s,True,4035.9,5316.6,0.0
V212s,True,4007.3,5404.5,0.0
V213s,True,3994.2,5491.6,0.0
V214s,True,3982.3,5573.4,0.0
V215s,True,4138.3,5323.5,0.0
V216s,True,4113.1,5401.8,0.0
V217s,True,4183.5,5391.4,0.0
V218s,True,4254.6,4837.3,0.0
V219s,True,4566.1,4672.1,0.0
V220s,True,4542.7,4745.4,0.0
V221s,True,4524.6,4822.3,0.0
V222s,True,4978.7,4634.5,0.0
V223s,True,5015.5,4568.6,0.0
V224s,True,5055.1,4503.5,0.0
V225s,True,5102.9,4440.7,0.0
V226s,True,5168.9,4472.2,0.0
V227s,True,5127.5,4366.5,0.0
V228s,True,5152.8,4294.6,0.0
V229s,True,5165.0,4218.6,0.0
V230s,True,5154.8,4138.9,0.0
V231s,True,5140.3,4056.0,0.0
V232s,True,5142.9,3967.1,0.0
V233s,True,5196.4,3993.2,0.0
V234s,True,5246.7,4038.5,0.0
V235s,True,5149.1,3882.2,0.0
V236s,True,5316.6,5040.2,0.0
V237s,True,5297.9,5140.4,0.0
V238s,True,5301.4,5239.1,0.0
V239s,True,5315.5,5329.0,0.0
V240s,True,5331.3,5416.0,0.0
V241s,True,5342.6,5503.4,0.0
V242s,True,5360.0,5588.5,0.0
V243s,True,5409.1,5660.6,0.0
V244s,True,5423.0,5745.5,0.0
V245s,True,5458.1,5821.0,0.0
V246s,True,5537.6,5814.0,0.0
V247s,True,5472.2,5903.5,0.0
V248s,True,5474.1,5985.6,0.0
V249s,True,5506.9,6059.5,0.0
V250s,True,5543.6,6130.0,0.0
V251s,True,5582.6,6199.7,0.0
V252s,True,5632.0,6266.3,0.0
V253s,True,5620.6,6349.2,0.0
V254s,True,5638.9,6427.7,0.0
V255s,True,5670.6,6501.4,0.0
V256s,True,5706.8,6574.2,0.0
V257s,True,5745.4,6650.2,0.0
V258s,True,5698.5,6725.0,0.0
V259s,True,5670.1,6804.8,0.0
V260s,True,5594.5,6825.4,0.0
V261s,True,5682.5,6886.7,0.0
V262s,True,5679.6,6966.1,0.0
V263s,True,5673.0,7046.4,0.0
V264s,True,5600.9,7086.5,0.0
V265s,True,5714.7,7117.6,0.0
V266s,True,5780.2,7163.1,0.0
V267s,True,5679.6,7191.5,0.0
V268s,True,5835.2,6659.1,0.0
V269s,True,5923.2,6672.5,0.0
V270s,True,5996.9,6710.2,0.0
V271s,True,6062.3,6753.8,0.0
V272s,True,5857.2,6724.5,0.0
V273s,True,5714.9,6258.3,0.0
V274s,True,5794.6,6264.9,0.0
V275s,True,5551.7,5911.3,0.0
V276s,True,5482.8,5656.2,0.0
V277s,True,5292.6,5630.7,0.0
V278s,True,5240.3,5687.4,0.0
V279s,True,5400.7,5425.5,0.0
V280s,True,5360.1,5072.2,0.0
V281s,True,5384.5,5134.1,0.0
V282s,True,5442.9,5176.7,0.0
V283s,True,5356.7,5203.1,0.0
V284s,True,5744.9,4901.2,0.0
V285s,True,5808.6,4963.7,0.0
V286s,True,5837.6,5041.9,0.0
V287s,True,5899.1,5105.2,0.0
V288s,True,5975.8,5154.3,0.0
V289s,True,6058.3,5184.7,0.0
V290s,True,6130.4,5226.8,0.0
V291s,True,6202.7,5260.6,0.0
V292s,True,5978.5,5233.0,0.0
V293s,True,5874.6,5173.6,0.0
V294s,True,5889.5,4964.5,0.0
V295s,True,5975.3,4986.8,0.0
V296s,True,6061.3,5013.4,0.0
V297s,True,6144.8,5040.9,0.0
V298s,True,6223.5,5069.5,0.0
V299s,True,5813.6,4780.4,0.0
V300s,True,5895.1,4803.1,0.0
V301s,True,5980.8,4824.7,0.0
V302s,True,6066.5,4847.1,0.0
V303s,True,6149.0,4871.0,0.0
V304s,True,5900.3,4631.8,0.0
V305s,True,6003.9,4495.8,0.0
V306s,True,6083.2,4527.0,0.0
V307s,True,6046.0,4392.5,0.0
V308s,True,6131.5,4417.4,0.0
V309s,True,6212.4,4445.9,0.0
V310s,True,5892.3,4060.0,0.0
V311s,True,5981.6,3889.0,0.0
V312s,True,6028.2,3877.8,0.0
V313s,True,6050.4,3804.1,0.0
V314s,True,6077.5,3842.7,0.0
V315s,True,6155.0,3790.2,0.0
V316s,True,6232.6,3746.4,0.0
V317s,True,6315.3,3711.0,0.0
V318s,True,6359.9,3633.8,0.0
V319s,True,6339.1,3566.6,0.0
V320s,True,6425.9,3573.8,0.0
V321s,True,6494.1,3519.9,0.0
V322s,True,6557.3,3565.5,0.0
V323s,True,6634.2,3594.7,0.0
V324s,True,6554.6,3455.7,0.0
V325s,True,6639.6,3476.9,0.0
V326s,True,6725.5,3490.2,0.0
V327s,True,6807.3,3493.5,0.0
V328s,True,6581.8,3375.7,0.0
V329s,True,6643.3,3317.3,0.0
V330s,True,6723.8,3328.7,0.0
V331s,True,6686.8,3247.1,0.0
V332s,True,6759.7,3208.8,0.0
V333s,True,6833.0,3181.0,0.0
V334s,True,6383.9,3762.3,0.0
V335s,True,6461.4,3798.7,0.0
V336s,True,6542.7,3825.7,0.0
V337s,True,6625.6,3844.7,0.0
V338s,True,6709.3,3855.8,0.0
V339s,True,6774.7,3904.4,0.0
V340s,True,6782.8,3818.5,0.0
V341s,True,5731.2,3762.2,0.0
V342s,True,5714.3,3669.4,0.0
V343s,True,5779.6,3607.6,0.0
V344s,True,5839.3,3545.9,0.0
V345s,True,5641.1,3621.2,0.0
V346s,True,5571.8,3567.2,0.0
V347s,True,5535.8,3550.6,0.0
V348s,True,5471.6,3605.2,0.0
V349s,True,5399.9,3643.0,0.0
V350s,True,5431.4,3698.2,0.0
V351s,True,5328.7,3672.0,0.0
V352s,True,5269.2,3684.8,0.0
V353s,True,5288.2,3589.3,0.0
V354s,True,5328.2,3490.9,0.0
V355s,True,5377.2,3386.9,0.0
V356s,True,5430.1,3291.3,0.0
V357s,True,5484.8,3204.8,0.0
V358s,True,5480.8,3120.7,0.0
V359s,True,5510.3,3037.9,0.0
V360s,True,5561.6,3149.5,0.0
V361s,True,5615.4,3073.8,0.0
V362s,True,5657.9,2999.0,0.0
V363s,True,5602.4,3476.5,0.0
V364s,True,5671.5,3429.9,0.0
V365s,True,5634.3,3393.0,0.0
V366s,True,5493.4,3487.0,0.0
V367s,True,5531.8,3413.0,0.0
V368s,True,5404.5,3439.4,0.0
V369s,True,5310.3,3396.5,0.0
V370s,True,5214.3,3366.1,0.0
V371s,True,5115.1,3345.6,0.0
V372s,True,5017.2,3334.9,0.0
V373s,True,4922.8,3327.5,0.0
V374s,True,4832.1,3307.5,0.0
V375s,True,4839.1,3212.1,0.0
V376s,True,4854.6,3120.0,0.0
V377s,True,4874.0,3031.1,0.0
V378s,True,4880.2,2941.1,0.0
V379s,True,4918.8,2863.2,0.0
V380s,True,4931.6,2981.2,0.0
V381s,True,4749.8,3362.0,0.0
V382s,True,4663.7,3406.1,0.0
V383s,True,4596.0,3473.5,0.0
V384s,True,4537.5,3545.6,0.0
V385s,True,4494.5,3627.4,0.0
V386s,True,4633.6,3334.9,0.0
V387s,True,4624.6,3255.0,0.0
V388s,True,4628.0,3173.7,0.0
V389s,True,5700.1,3812.7,0.0
V390s,True,5772.6,3754.2,0.0
V391s,True,5819.1,3675.4,0.0
V392s,True,5845.6,3728.4,0.0
V393s,True,3914.6,3985.8,0.0
V394s,True,3830.0,4030.7,0.0
V395s,True,3741.1,4075.9,0.0
V396s,True,3648.6,4100.6,0.0
V397s,True,3556.7,4127.0,0.0
V398s,True,3461.0,4157.1,0.0
V399s,True,3392.7,4094.9,0.0
V400s,True,3311.6,4040.3,0.0
V401s,True,3344.0,4003.0,0.0
V402s,True,3375.7,3959.7,0.0
V403s,True,3404.3,3911.1,0.0
V404s,True,3418.6,3853.1,0.0
V405s,True,3424.4,3790.4,0.0
V406s,True,3438.0,3725.7,0.0
V407s,True,3444.5,3657.1,0.0
V408s,True,3236.4,3976.4,0.0
V409s,True,3166.0,3914.7,0.0
V410s,True,3162.5,3831.9,0.0
V411s,True,3130.3,3754.1,0.0
V412s,True,3102.0,3672.0,0.0
V413s,True,3045.1,3608.7,0.0
V414s,True,3001.6,3536.5,0.0
V415s,True,2924.2,3561.2,0.0
V416s,True,2846.6,3594.3,0.0
V417s,True,2979.0,3457.2,0.0
V418s,True,2926.2,3394.1,0.0
V419s,True,2896.2,3320.3,0.0
V420s,True,2860.4,3249.5,0.0
V421s,True,2826.4,3179.2,0.0
V422s,True,2818.8,3103.3,0.0
V423s,True,2809.5,3029.7,0.0
V424s,True,2801.1,2956.5,0.0
V425s,True,2918.7,3211.1,0.0
V426s,True,2852.0,3419.8,0.0
V427s,True,2976.3,3646.5,0.0
V428s,True,2900.0,3685.7,0.0
V429s,True,3070.4,3794.1,0.0
V430s,True,3025.9,3764.0,0.0
V431s,True,2995.1,3833.7,0.0
V432s,True,3074.1,3928.4,0.0
V433s,True,2976.7,3927.7,0.0
V434s,True,2884.2,3910.0,0.0
V435s,True,2799.4,3877.8,0.0
V436s,True,2722.4,3833.0,0.0
V437s,True,2645.8,3786.4,0.0
V438s,True,2596.9,3849.8,0.0
V439s,True,2581.9,3722.8,0.0
V440s,True,2506.7,3673.3,0.0
V441s,True,2484.9,3585.3,0.0
V442s,True,2459.8,3500.9,0.0
V443s,True,2425.4,3419.5,0.0
V444s,True,2395.2,3335.0,0.0
V445s,True,2401.3,3244.8,0.0
V446s,True,2394.7,3154.3,0.0
V447s,True,2416.1,3060.0,0.0
V448s,True,2441.1,2964.2,0.0
V449s,True,2476.8,2879.3,0.0
V450s,True,2316.2,3162.8,0.0
V451s,True,2240.8,3187.4,0.0
V452s,True,2313.1,3359.1,0.0
V453s,True,2236.9,3394.5,0.0
V454s,True,2356.0,3457.8,0.0
V455s,True,2434.5,3727.9,0.0
V456s,True,2366.3,3782.1,0.0
V457s,True,2300.2,3835.0,0.0
V458s,True,2235.7,3886.6,0.0
V459s,True,2173.1,3936.8,0.0
V460s,True,3191.5,4024.0,0.0
V461s,True,3134.9,4073.3,0.0
V462s,True,3068.5,4129.2,0.0
V463s,True,2993.0,4164.9,0.0
V464s,True,3071.2,4075.2,0.0
V465s,True,3426.1,4248.2,0.0
V466s,True,3380.4,4337.4,0.0
V467s,True,3340.0,4311.3,0.0
V468s,True,3279.0,4314.9,0.0
V469s,True,3209.7,4338.4,0.0
V470s,True,3130.6,4340.6,0.0
V471s,True,3162.6,4399.9,0.0
V472s,True,3329.2,4424.6,0.0
V473s,True,3280.5,4513.2,0.0
V474s,True,3316.5,4572.9,0.0
V475s,True,3324.8,4650.1,0.0
V476s,True,3319.6,4733.9,0.0
V477s,True,3308.1,4820.5,0.0
V478s,True,3248.6,4873.2,0.0
V479s,True,3318.3,4907.7,0.0
V480s,True,3294.5,4990.7,0.0
V481s,True,3203.9,4581.4,0.0
V482s,True,3138.6,4657.3,0.0
V483s,True,3055.5,4674.7,0.0
V484s,True,2977.8,4714.6,0.0
V485s,True,2898.7,4702.0,0.0
V486s,True,2819.5,4724.9,0.0
V487s,True,2933.0,4787.1,0.0
V488s,True,2864.4,4840.3,0.0
V489s,True,2780.9,4857.5,0.0
V490s,True,2840.9,4916.9,0.0
V491s,True,3128.3,4749.2,0.0
V492s,True,3095.0,4840.0,0.0
V493s,True,3055.0,4926.8,0.0
V494s,True,3010.0,5007.6,0.0
V495s,True,2961.1,5082.5,0.0
V496s,True,2910.9,5153.3,0.0
V497s,True,2861.1,5222.2,0.0
V498s,True,2812.0,5290.8,0.0
V499s,True,2761.2,5360.3,0.0
V500s,True,2675.6,5369.7,0.0
V501s,True,2630.9,5435.0,0.0
V502s,True,2592.6,5373.7,0.0
V503s,True,2778.1,5445.4,0.0
V504s,True,2759.4,5527.0,0.0
V505s,True,2723.8,5600.1,0.0
V506s,True,2686.7,5669.6,0.0
V507s,True,2659.9,5741.2,0.0
V508s,True,3264.8,4424.5,0.0
V509s,True,3187.4,4447.2,0.0
V510s,True,3105.6,4472.7,0.0
V511s,True,3026.7,4504.5,0.0
V512s,True,2943.4,4510.2,0.0
V513s,True,2981.5,4572.0,0.0
V514s,True,3469.5,4298.5,0.0
V515s,True,3505.9,4367.8,0.0
V516s,True,3524.4,4444.3,0.0
V517s,True,3530.8,4527.4,0.0
V518s,True,3530.9,4615.9,0.0
V519s,True,3533.2,4710.6,0.0
V520s,True,3502.7,4802.4,0.0
V521s,True,3536.7,4870.0,0.0
V522s,True,3452.8,4884.1,0.0
V523s,True,3422.2,4967.6,0.0
V524s,True,3475.6,4654.8,0.0
V525s,True,3431.4,4722.3,0.0
V526s,True,3522.7,4287.6,0.0
V527s,True,3729.8,4027.3,0.0
V528s,True,3853.5,4091.8,0.0
V529s,True,3875.2,4156.8,0.0
V530s,True,3988.0,3720.5,0.0
V531s,True,4029.3,3676.7,0.0
V532s,True,4064.7,3621.6,0.0
V533s,True,3783.8,3232.9,0.0
V534s,True,3826.8,3147.9,0.0
V535s,True,3866.1,3064.3,0.0
V536s,True,3904.9,2985.4,0.0
V537s,True,3942.7,2910.6,0.0
V538s,True,3684.4,3184.2,0.0
V539s,True,3713.8,3108.7,0.0
V540s,True,3301.0,2833.9,0.0
V541s,True,3348.1,2760.8,0.0
V542s,True,3389.2,2687.4,0.0
V543s,True,2265.8,2765.6,0.0
V544s,True,2166.6,2805.2,0.0
V545s,True,2072.9,2857.9,0.0
V546s,True,2023.1,2825.5,0.0
V547s,True,1957.2,2817.2,0.0
V548s,True,1982.8,2910.3,0.0
V549s,True,1891.5,2946.5,0.0
V550s,True,1804.0,2984.1,0.0
V551s,True,1718.8,3023.0,0.0
V552s,True,1635.0,3063.1,0.0
V553s,True,1548.8,3099.4,0.0
V554s,True,1502.8,3041.4,0.0
V555s,True,1443.0,2994.4,0.0
V556s,True,1375.6,2959.0,0.0
V557s,True,1472.8,3154.4,0.0
V558s,True,1387.5,3189.0,0.0
V559s,True,1340.2,3135.3,0.0
V560s,True,1304.0,3228.0,0.0
V561s,True,1308.8,3301.8,0.0
V562s,True,1215.9,3242.9,0.0
V563s,True,1132.2,3266.2,0.0
V564s,True,1056.3,3308.0,0.0
V565s,True,975.0,3331.6,0.0
V566s,True,894.3,3355.7,0.0
V567s,True,813.6,3382.8,0.0
V568s,True,733.3,3419.4,0.0
V569s,True,740.1,3502.5,0.0
V570s,True,726.8,3584.4,0.0
V571s,True,698.1,3661.4,0.0
V572s,True,659.6,3732.3,0.0
V573s,True,643.2,3408.2,0.0
V574s,True,586.1,3474.9,0.0
V575s,True,524.8,3536.6,0.0
V576s,True,462.6,3594.9,0.0
V577s,True,398.1,3648.6,0.0
V578s,True,328.6,3696.5,0.0
V579s,True,306.1,3777.2,0.0
V580s,True,253.6,3837.9,0.0
V581s,True,247.0,3678.5,0.0
V582s,True,168.2,3690.2,0.0
V583s,True,583.4,3346.3,0.0
V584s,True,510.3,3304.4,0.0
V585s,True,432.4,3275.9,0.0
V586s,True,352.5,3257.6,0.0
V587s,True,272.2,3247.6,0.0
V588s,True,192.4,3244.0,0.0
V589s,True,113.8,3245.8,0.0
V590s,True,37.0,3251.8,0.0
V591s,True,1089.6,3202.4,0.0
V592s,True,2149.1,2851.5,0.0
V593s,True,2235.4,2729.6,0.0
V594s,True,2217.3,2672.3,0.0
V595s,True,2170.4,2723.7,0.0
V596s,True,2227.5,2430.8,0.0
V597s,True,2149.8,2435.4,0.0
V598s,True,2069.4,2445.1,0.0
V599s,True,1984.7,2455.9,0.0
V600s,True,1965.6,2391.7,0.0
V601s,True,1897.3,2464.8,0.0
V602s,True,1862.6,2521.7,0.0
V603s,True,1808.9,2462.2,0.0
V604s,True,1725.4,2479.3,0.0
V605s,True,1645.0,2459.9,0.0
V606s,True,1564.1,2475.1,0.0
V607s,True,1670.8,2536.8,0.0
V608s,True,2228.2,2078.4,0.0
V609s,True,2330.5,1954.9,0.0
V610s,True,2400.5,1927.4,0.0
V611s,True,2465.6,1884.9,0.0
V612s,True,2525.2,1833.3,0.0
V613s,True,2579.3,1776.7,0.0
V614s,True,2138.4,1856.6,0.0
V615s,True,2158.7,1809.2,0.0
V616s,True,2180.6,1746.0,0.0
V617s,True,2057.0,1807.8,0.0
V618s,True,1994.2,1739.9,0.0
V619s,True,1910.9,1700.4,0.0
V620s,True,1863.5,1737.1,0.0
V621s,True,1828.9,1657.3,0.0
V622s,True,1747.1,1623.7,0.0
V623s,True,1702.4,1673.2,0.0
V624s,True,1664.1,1589.7,0.0
V625s,True,1577.1,1566.1,0.0
V626s,True,1556.1,1482.9,0.0
V627s,True,1515.0,1409.7,0.0
V628s,True,1467.6,1326.3,0.0
V629s,True,1406.0,1264.8,0.0
V630s,True,1341.4,1202.2,0.0
V631s,True,1377.9,1119.5,0.0
V632s,True,1392.6,1033.4,0.0
V633s,True,1387.7,948.1,0.0
V634s,True,1368.7,866.4,0.0
V635s,True,1340.0,789.2,0.0
V636s,True,1304.6,716.2,0.0
V637s,True,1265.5,646.3,0.0
V638s,True,1227.0,575.4,0.0
V639s,True,1153.7,539.6,0.0
V640s,True,1249.6,498.4,0.0
V641s,True,1246.1,1211.4,0.0
V642s,True,1192.3,1152.4,0.0
V643s,True,1115.9,1112.2,0.0
V644s,True,1097.5,1032.5,0.0
V645s,True,1052.8,967.8,0.0
V646s,True,1031.8,1114.5,0.0
V647s,True,954.2,1088.9,0.0
V648s,True,1215.4,1084.1,0.0
V649s,True,1166.7,1255.0,0.0
V650s,True,1078.2,1271.9,0.0
V651s,True,990.6,1272.6,0.0
V652s,True,907.9,1260.5,0.0
V653s,True,1351.7,1305.4,0.0
V654s,True,1537.9,1361.2,0.0
V655s,True,1448.8,1398.6,0.0
V656s,True,1499.6,1613.7,0.0
V657s,True,1417.4,1646.8,0.0
V658s,True,1332.7,1669.4,0.0
V659s,True,1246.6,1683.3,0.0
V660s,True,1200.6,1742.7,0.0
V661s,True,1159.7,1671.5,0.0
V662s,True,1075.7,1682.3,0.0
V663s,True,995.1,1684.0,0.0
V664s,True,2020.4,1672.8,0.0
V665s,True,2036.6,1601.0,0.0
V666s,True,2049.6,1527.1,0.0
V667s,True,2094.7,1464.5,0.0
V668s,True,2017.4,1459.6,0.0
V669s,True,2001.2,1847.1,0.0
V670s,True,1983.1,1901.9,0.0
V671s,True,1925.2,1870.7,0.0
V672s,True,1851.3,1893.9,0.0
V673s,True,1773.5,1904.4,0.0
V674s,True,1694.4,1911.0,0.0
V675s,True,1615.3,1915.9,0.0
V0r,False,2454.6,1437.4,0.0
V1r,False,2501.5,1480.7,0.0
V2r,False,2535.2,1394.8,0.0
V3r,False,2555.1,1308.8,0.0
V4r,False,2575.7,1223.4,0.0
V5r,False,2602.6,1137.6,0.0
V6r,False,2582.2,1049.7,0.0
V7r,False,2585.3,960.5,0.0
V8r,False,2596.3,870.0,0.0
V9r,False,2531.0,815.0,0.0
V10r,False,2481.5,747.6,0.0
V11r,False,2442.2,673.8,0.0
V12r,False,2410.1,594.7,0.0
V13r,False,2336.8,553.0,0.0
V14r,False,2288.6,484.7,0.0
V15r,False,2256.8,409.8,0.0
V16r,False,2445.6,519.2,0.0
V17r,False,2450.0,436.8,0.0
V18r,False,2439.5,356.9,0.0
V19r,False,2666.2,812.1,0.0
V20r,False,2722.7,743.2,0.0
V21r,False,2770.0,669.3,0.0
V22r,False,2808.6,591.9,0.0
V23r,False,2838.6,511.8,0.0
V24r,False,2861.2,429.8,0.0
V25r,False,2881.6,345.6,0.0
V26r,False,2959.5,313.8,0.0
V27r,False,3018.1,258.1,0.0
V28r,False,3059.9,191.2,0.0
V29r,False,2841.6,268.3,0.0
V30r,False,2825.8,186.2,0.0
V31r,False,2821.6,105.8,0.0
V32r,False,2824.9,28.0,0.0
V33r,False,2683.4,1130.3,0.0
V34r,False,2759.2,1105.3,0.0
V35r,False,2829.2,1066.6,0.0
V36r,False,2893.4,1018.4,0.0
V37r,False,2952.2,964.0,0.0
V38r,False,3005.7,905.8,0.0
V39r,False,2459.6,1561.6,0.0
V40r,False,2416.6,1641.7,0.0
V41r,False,2371.5,1725.8,0.0
V42r,False,2301.6,1813.8,0.0
V43r,False,2343.8,1786.5,0.0
V44r,False,2329.4,1717.1,0.0
V45r,False,2240.6,1889.0,0.0
V46r,False,2271.7,1978.4,0.0
V47r,False,2292.7,2071.2,0.0
V48r,False,2305.3,2163.5,0.0
V49r,False,2312.9,2253.2,0.0
V50r,False,2317.9,2344.1,0.0
V51r,False,2311.5,2437.7,0.0
V52r,False,2338.1,2527.5,0.0
V53r,False,2354.1,2620.2,0.0
V54r,False,2359.7,2717.8,0.0
V55r,False,2443.6,2761.3,0.0
V56r,False,2522.6,2813.8,0.0
V57r,False,2621.3,2817.9,0.0
V58r,False,2651.8,2754.6,0.0
V59r,False,2691.6,2692.9,0.0
V60r,False,2735.5,2630.9,0.0
V61r,False,2783.8,2567.3,0.0
V62r,False,2762.0,2499.7,0.0
V63r,False,2788.0,2425.6,0.0
V64r,False,2828.3,2354.5,0.0
V65r,False,2851.5,2517.9,0.0
V66r,False,2901.5,2446.4,0.0
V67r,False,2967.4,2398.2,0.0
V68r,False,2914.1,2363.4,0.0
V69r,False,2716.4,2852.4,0.0
V70r,False,2691.8,2893.3,0.0
V71r,False,2649.9,2935.9,0.0
V72r,False,2595.7,2977.0,0.0
V73r,False,2529.3,3015.2,0.0
V74r,False,2449.6,3001.8,0.0
V75r,False,2364.6,3023.3,0.0
V76r,False,2487.5,3083.3,0.0
V77r,False,2405.4,3119.2,0.0
V78r,False,2804.0,2893.1,0.0
V79r,False,2894.6,2884.5,0.0
V80r,False,2984.6,2886.7,0.0
V81r,False,3076.8,2891.4,0.0
V82r,False,3083.2,2826.2,0.0
V83r,False,3171.3,2888.9,0.0
V84r,False,3196.3,2810.5,0.0
V85r,False,3230.7,2733.3,0.0
V86r,False,3271.7,2661.1,0.0
V87r,False,3259.9,2913.9,0.0
V88r,False,3328.9,2970.3,0.0
V89r,False,3403.2,3017.4,0.0
V90r,False,3472.3,3071.1,0.0
V91r,False,3534.7,3134.1,0.0
V92r,False,3594.0,3203.6,0.0
V93r,False,3667.4,3261.6,0.0
V94r,False,3743.3,3316.4,0.0
V95r,False,3786.1,3404.8,0.0
V96r,False,3848.4,3480.6,0.0
V97r,False,3905.3,3430.2,0.0
V98r,False,3959.7,3369.1,0.0
V99r,False,4022.8,3306.7,0.0
V100r,False,4061.4,3222.5,0.0
V101r,False,4089.7,3141.0,0.0
V102r,False,3959.1,3302.4,0.0
V103r,False,3993.9,3227.3,0.0
V104r,False,3883.7,3573.6,0.0
V105r,False,3918.6,3667.3,0.0
V106r,False,3961.6,3764.9,0.0
V107r,False,4031.8,3849.5,0.0
V108r,False,3987.5,3872.5,0.0
V109r,False,3994.9,3922.6,0.0
V110r,False,4024.3,3987.0,0.0
V111r,False,4025.0,4053.6,0.0
V112r,False,4084.2,4017.5,0.0
V113r,False,4026.2,3946.3,0.0
V114r,False,4127.0,3900.9,0.0
V115r,False,4217.0,3864.0,0.0
V116r,False,4306.9,3826.2,0.0
V117r,False,4293.6,3769.2,0.0
V118r,False,4290.6,3701.6,0.0
V119r,False,4294.8,3629.5,0.0
V120r,False,4303.2,3554.9,0.0
V121r,False,4395.6,3779.9,0.0
V122r,False,4477.2,3726.7,0.0
V123r,False,4552.8,3761.3,0.0
V124r,False,4634.2,3776.0,0.0
V125r,False,4718.5,3776.7,0.0
V126r,False,4805.2,3768.6,0.0
V127r,False,4897.7,3767.6,0.0
V128r,False,4887.5,3825.7,0.0
V129r,False,4876.9,3888.3,0.0
V130r,False,4873.3,3954.1,0.0
V131r,False,4989.4,3774.5,0.0
V132r,False,5079.2,3770.1,0.0
V133r,False,5076.3,3690.5,0.0
V134r,False,5078.2,3603.9,0.0
V135r,False,5085.3,3510.7,0.0
V136r,False,5116.8,3405.1,0.0
V137r,False,5153.3,3305.5,0.0
V138r,False,5190.9,3210.6,0.0
V139r,False,5230.5,3120.6,0.0
V140r,False,5294.7,3057.4,0.0
V141r,False,5233.4,3033.2,0.0
V142r,False,5127.1,3481.6,0.0
V143r,False,5164.0,3808.7,0.0
V144r,False,5252.4,3779.1,0.0
V145r,False,5329.4,3825.7,0.0
V146r,False,5414.7,3857.8,0.0
V147r,False,5501.8,3876.2,0.0
V148r,False,5587.9,3883.0,0.0
V149r,False,5672.1,3877.6,0.0
V150r,False,5752.3,3867.0,0.0
V151r,False,5830.0,3912.9,0.0
V152r,False,5914.5,3949.4,0.0
V153r,False,5937.5,4037.2,0.0
V154r,False,5961.8,4129.5,0.0
V155r,False,6041.0,4133.8,0.0
V156r,False,6122.4,4142.4,0.0
V157r,False,6205.8,4153.1,0.0
V158r,False,6248.5,4211.3,0.0
V159r,False,6292.7,4153.0,0.0
V160r,False,6372.2,4181.9,0.0
V161r,False,6448.7,4207.1,0.0
V162r,False,5948.7,4217.4,0.0
V163r,False,5953.7,4303.6,0.0
V164r,False,5969.3,4388.5,0.0
V165r,False,5939.6,4469.8,0.0
V166r,False,5886.8,4537.5,0.0
V167r,False,5843.0,4612.9,0.0
V168r,False,5789.4,4683.8,0.0
V169r,False,5753.0,4765.0,0.0
V170r,False,5700.4,4839.5,0.0
V171r,False,5607.4,4855.7,0.0
V172r,False,5614.2,4913.6,0.0
V173r,False,5517.4,4886.8,0.0
V174r,False,5430.8,4919.0,0.0
V175r,False,5343.6,4957.2,0.0
V176r,False,5262.9,4911.7,0.0
V177r,False,5177.7,4875.5,0.0
V178r,False,5140.1,4936.9,0.0
V179r,False,5105.3,5003.6,0.0
V180r,False,5075.8,5074.2,0.0
V181r,False,5101.5,4823.9,0.0
V182r,False,5025.7,4774.4,0.0
V183r,False,4955.4,4713.8,0.0
V184r,False,4865.0,4697.3,0.0
V185r,False,4774.3,4684.5,0.0
V186r,False,4757.8,4759.3,0.0
V187r,False,4740.1,4836.8,0.0
V188r,False,4700.4,4907.0,0.0
V189r,False,4754.5,4911.0,0.0
V190r,False,4691.7,4642.7,0.0
V191r,False,4602.7,4616.0,0.0
V192r,False,4518.5,4577.2,0.0
V193r,False,4431.3,4550.5,0.0
V194r,False,4340.1,4533.8,0.0
V195r,False,4294.1,4446.2,0.0
V196r,False,4248.3,4358.8,0.0
V197r,False,4206.6,4267.8,0.0
V198r,False,4167.8,4173.2,0.0
V199r,False,4131.3,4072.9,0.0
V200r,False,4090.0,3959.8,0.0
V201r,False,4298.0,4618.4,0.0
V202r,False,4269.2,4709.5,0.0
V203r,False,4212.2,4714.3,0.0
V204r,False,4229.1,4802.0,0.0
V205r,False,4199.3,4897.7,0.0
V206r,False,4180.0,4989.3,0.0
V207r,False,4156.8,5079.0,0.0
V208r,False,4131.5,5169.1,0.0
V209r,False,4189.4,5204.2,0.0
V210r,False,4106.0,5260.7,0.0
V211r,False,4045.9,5326.6,0.0
V212r,False,4017.3,5414.5,0.0
V213r,False,4004.2,5501.6,0.0
V214r,False,3992.3,5583.4,0.0
V215r,False,4148.3,5333.5,0.0
V216r,False,4123.1,5411.8,0.0
V217r,False,4193.5,5401.4,0.0
V218r,False,4264.6,4847.3,0.0
V219r,False,4576.1,4682.1,0.0
V220r,False,4552.7,4755.4,0.0
V221r,False,4534.6,4832.3,0.0
V222r,False,4988.7,4644.5,0.0
V223r,False,5025.5,4578.6,0.0
V224r,False,5065.1,4513.5,0.0
V225r,False,5112.9,4450.7,0.0
V226r,False,5178.9,4482.2,0.0
V227r,False,5137.5,4376.5,0.0
V228r,False,5162.8,4304.6,0.0
V229r,False,5175.0,4228.6,0.0
V230r,False,5164.8,4148.9,0.0
V231r,False,5150.3,4066.0,0.0
V232r,False,5152.9,3977.1,0.0
V233r,False,5206.4,4003.2,0.0
V234r,False,5256.7,4048.5,0.0
V235r,False,5159.1,3892.2,0.0
V236r,False,5326.6,5050.2,0.0
V237r,False,5307.9,5150.4,0.0
V238r,False,5311.4,5249.1,0.0
V239r,False,5325.5,5339.0,0.0
V240r,False,5341.3,5426.0,0.0
V241r,False,5352.6,5513.4,0.0
V242r,False,5370.0,5598.5,0.0
V243r,False,5419.1,5670.6,0.0
V244r,False,5433.0,5755.5,0.0
V245r,False,5468.1,5831.0,0.0
V246r,False,5547.6,5824.0,0.0
V247r,False,5482.2,5913.5,0.0
V248r,False,5484.1,5995.6,0.0
V249r,False,5516.9,6069.5,0.0
V250r,False,5553.6,6140.0,0.0
V251r,False,5592.6,6209.7,0.0
V252r,False,5642.0,6276.3,0.0
V253r,False,5630.6,6359.2,0.0
V254r,False,5648.9,6437.7,0.0
V255r,False,5680.6,6511.4,0.0
V256r,False,5716.8,6584.2,0.0
V257r,False,5755.4,6660.2,0.0
V258r,False,5708.5,6735.0,0.0
V259r,False,5680.1,6814.8,0.0
V260r,False,5604.5,6835.4,0.0
V261r,False,5692.5,6896.7,0.0
V262r,False,5689.6,6976.1,0.0
V263r,False,5683.0,7056.4,0.0
V264r,False,5610.9,7096.5,0.0
V265r,False,5724.7,7127.6,0.0
V266r,False,5790.2,7173.1,0.0
V267r,False,5689.6,7201.5,0.0
V268r,False,5845.2,6669.1,0.0
V269r,False,5933.2,6682.5,0.0
V270r,False,6006.9,6720.2,0.0
V271r,False,6072.3,6763.8,0.0
V272r,False,5867.2,6734.5,0.0
V273r,False,5724.9,6268.3,0.0
V274r,False,5804.6,6274.9,0.0
V275r,False,5561.7,5921.3,0.0
V276r,False,5492.8,5666.2,0.0
V277r,False,5302.6,5640.7,0.0
V278r,False,5250.3,5697.4,0.0
V279r,False,5410.7,5435.5,0.0
V280r,False,5370.1,5082.2,0.0
V281r,False,5394.5,5144.1,0.0
V282r,False,5452.9,5186.7,0.0
V283r,False,5366.7,5213.1,0.0
V284r,False,5754.9,4911.2,0.0
V285r,False,5818.6,4973.7,0.0
V286r,False,5847.6,5051.9,0.0
V287r,False,5909.1,5115.2,0.0
V288r,False,5985.8,5164.3,0.0
V289r,False,6068.3,5194.7,0.0
V290r,False,6140.4,5236.8,0.0
V291r,False,6212.7,5270.6,0.0
V292r,False,5988.5,5243.0,0.0
V293r,False,5884.6,5183.6,0.0
V294r,False,5899.5,4974.5,0.0
V295r,False,5985.3,4996.8,0.0
V296r,False,6071.3,5023.4,0.0
V297r,False,6154.8,5050.9,0.0
V298r,False,6233.5,5079.5,0.0
V299r,False,5823.6,4790.4,0.0
V300r,False,5905.1,4813.1,0.0
V301r,False,5990.8,4834.7,0.0
V302r,False,6076.5,4857.1,0.0
V303r,False,6159.0,4881.0,0.0
V304r,False,5910.3,4641.8,0.0
V305r,False,6013.9,4505.8,0.0
V306r,False,6093.2,4537.0,0.0
V307r,False,6056.0,4402.5,0.0
V308r,False,6141.5,4427.4,0.0
V309r,False,6222.4,4455.9,0.0
V310r,False,5902.3,4070.0,0.0
V311r,False,5991.6,3899.0,0.0
V312r,False,6038.2,3887.8,0.0
V313r,False,6060.4,3814.1,0.0
V314r,False,6087.5,3852.7,0.0
V315r,False,6165.0,3800.2,0.0
V316r,False,6242.6,3756.4,0.0
V317r,False,6325.3,3721.0,0.0
V318r,False,6369.9,3643.8,0.0
V319r,False,6349.1,3576.6,0.0
V320r,False,6435.9,3583.8,0.0
V321r,False,6504.1,3529.9,0.0
V322r,False,6567.3,3575.5,0.0
V323r,False,6644.2,3604.7,0.0
V324r,False,6564.6,3465.7,0.0
V325r,False,6649.6,3486.9,0.0
V326r,False,6735.5,3500.2,0.0
V327r,False,6817.3,3503.5,0.0
V328r,False,6591.8,3385.7,0.0
V329r,False,6653.3,3327.3,0.0
V330r,False,6733.8,3338.7,0.0
V331r,False,6696.8,3257.1,0.0
V332r,False,6769.7,3218.8,0.0
V333r,False,6843.0,3191.0,0.0
V334r,False,6393.9,3772.3,0.0
V335r,False,6471.4,3808.7,0.0
V336r,False,6552.7,3835.7,0.0
V337r,False,6635.6,3854.7,0.0
V338r,False,6719.3,3865.8,0.0
V339r,False,6784.7,3914.4,0.0
V340r,False,6792.8,3828.5,0.0
V341r,False,5741.2,3772.2,0.0
V342r,False,5724.3,3679.4,0.0
V343r,False,5789.6,3617.6,0.0
V344r,False,5849.3,3555.9,0.0
V345r,False,5651.1,3631.2,0.0
V346r,False,5581.8,3577.2,0.0
V347r,False,5545.8,3560.6,0.0
V348r,False,5481.6,3615.2,0.0
V349r,False,5409.9,3653.0,0.0
V350r,False,5441.4,3708.2,0.0
V351r,False,5338.7,3682.0,0.0
V352r,False,5279.2,3694.8,0.0
V353r,False,5298.2,3599.3,0.0
V354r,False,5338.2,3500.9,0.0
V355r,False,5387.2,3396.9,0.0
V356r,False,5440.1,3301.3,0.0
V357r,False,5494.8,3214.8,0.0
V358r,False,5490.8,3130.7,0.0
V359r,False,5520.3,3047.9,0.0
V360r,False,5571.6,3159.5,0.0
V361r,False,5625.4,3083.8,0.0
V362r,False,5667.9,3009.0,0.0
V363r,False,5612.4,3486.5,0.0
V364r,False,5681.5,3439.9,0.0
V365r,False,5644.3,3403.0,0.0
V366r,False,5503.4,3497.0,0.0
V367r,False,5541.8,3423.0,0.0
V368r,False,5414.5,3449.4,0.0
V369r,False,5320.3,3406.5,0.0
V370r,False,5224.3,3376.1,0.0
V371r,False,5125.1,3355.6,0.0
V372r,False,5027.2,3344.9,0.0
V373r,False,4932.8,3337.5,0.0
V374r,False,4842.1,3317.5,0.0
V375r,False,4849.1,3222.1,0.0
V376r,False,4864.6,3130.0,0.0
V377r,False,4884.0,3041.1,0.0
V378r,False,4890.2,2951.1,0.0
V379r,False,4928.8,2873.2,0.0
V380r,False,4941.6,2991.2,0.0
V381r,False,4759.8,3372.0,0.0
V382r,False,4673.7,3416.1,0.0
V383r,False,4606.0,3483.5,0.0
V384r,False,4547.5,3555.6,0.0
V385r,False,4504.5,3637.4,0.0
V386r,False,4643.6,3344.9,0.0
V387r,False,4634.6,3265.0,0.0
V388r,False,4638.0,3183.7,0.0
V389r,False,5710.1,3822.7,0.0
V390r,False,5782.6,3764.2,0.0
V391r,False,5829.1,3685.4,0.0
V392r,False,5855.6,3738.4,0.0
V393r,False,3924.6,3995.8,0.0
V394r,False,3840.0,4040.7,0.0
V395r,False,3751.1,4085.9,0.0
V396r,False,3658.6,4110.6,0.0
V397r,False,3566.7,4137.0,0.0
V398r,False,3471.0,4167.1,0.0
V399r,False,3402.7,4104.9,0.0
V400r,False,3321.6,4050.3,0.0
V401r,False,3354.0,4013.0,0.0
V402r,False,3385.7,3969.7,0.0
V403r,False,3414.3,3921.1,0.0
V404r,False,3428.6,3863.1,0.0
V405r,False,3434.4,3800.4,0.0
V406r,False,3448.0,3735.7,0.0
V407r,False,3454.5,3667.1,0.0
V408r,False,3246.4,3986.4,0.0
V409r,False,3176.0,3924.7,0.0
V410r,False,3172.5,3841.9,0.0
V411r,False,3140.3,3764.1,0.0
V412r,False,3112.0,3682.0,0.0
V413r,False,3055.1,3618.7,0.0
V414r,False,3011.6,3546.5,0.0
V415r,False,2934.2,3571.2,0.0
V416r,False,2856.6,3604.3,0.0
V417r,False,2989.0,3467.2,0.0
V418r,False,2936.2,3404.1,0.0
V419r,False,2906.2,3330.3,0.0
V420r,False,2870.4,3259.5,0.0
V421r,False,2836.4,3189.2,0.0
V422r,False,2828.8,3113.3,0.0
V423r,False,2819.5,3039.7,0.0
V424r,False,2811.1,2966.5,0.0
V425r,False,2928.7,3221.1,0.0
V426r,False,2862.0,3429.8,0.0
V427r,False,2986.3,3656.5,0.0
V428r,False,2910.0,3695.7,0.0
V429r,False,3080.4,3804.1,0.0
V430r,False,3035.9,3774.0,0.0
V431r,False,3005.1,3843.7,0.0
V432r,False,3084.1,3938.4,0.0
V433r,False,2986.7,3937.7,0.0
V434r,False,2894.2,3920.0,0.0
V435r,False,2809.4,3887.8,0.0
V436r,False,2732.4,3843.0,0.0
V437r,False,2655.8,3796.4,0.0
V438r,False,2606.9,3859.8,0.0
V439r,False,2591.9,3732.8,0.0
V440r,False,2516.7,3683.3,0.0
V441r,False,2494.9,3595.3,0.0
V442r,False,2469.8,3510.9,0.0
V443r,False,2435.4,3429.5,0.0
V444r,False,2405.2,3345.0,0.0
V445r,False,2411.3,3254.8,0.0
V446r,False,2404.7,3164.3,0.0
V447r,False,2426.1,3070.0,0.0
V448r,False,2451.1,2974.2,0.0
V449r,False,2486.8,2889.3,0.0
V450r,False,2326.2,3172.8,0.0
V451r,False,2250.8,3197.4,0.0
V452r,False,2323.1,3369.1,0.0
V453r,False,2246.9,3404.5,0.0
V454r,False,2366.0,3467.8,0.0
V455r,False,2444.5,3737.9,0.0
V456r,False,2376.3,3792.1,0.0
V457r,False,2310.2,3845.0,0.0
V458r,False,2245.7,3896.6,0.0
V459r,False,2183.1,3946.8,0.0
V460r,False,3201.5,4034.0,0.0
V461r,False,3144.9,4083.3,0.0
V462r,False,3078.5,4139.2,0.0
V463r,False,3003.0,4174.9,0.0
V464r,False,3081.2,4085.2,0.0
V465r,False,3436.1,4258.2,0.0
V466r,False,3390.4,4347.4,0.0
V467r,False,3350.0,4321.3,0.0
V468r,False,3289.0,4324.9,0.0
V469r,False,3219.7,4348.4,0.0
V470r,False,3140.6,4350.6,0.0
V471r,False,3172.6,4409.9,0.0
V472r,False,3339.2,4434.6,0.0
V473r,False,3290.5,4523.2,0.0
V474r,False,3326.5,4582.9,0.0
V475r,False,3334.8,4660.1,0.0
V476r,False,3329.6,4743.9,0.0
V477r,False,3318.1,4830.5,0.0
V478r,False,3258.6,4883.2,0.0
V479r,False,3328.3,4917.7,0.0
V480r,False,3304.5,5000.7,0.0
V481r,False,3213.9,4591.4,0.0
V482r,False,3148.6,4667.3,0.0
V483r,False,3065.5,4684.7,0.0
V484r,False,2987.8,4724.6,0.0
V485r,False,2908.7,4712.0,0.0
V486r,False,2829.5,4734.9,0.0
V487r,False,2943.0,4797.1,0.0
V488r,False,2874.4,4850.3,0.0
V489r,False,2790.9,4867.5,0.0
V490r,False,2850.9,4926.9,0.0
V491r,False,3138.3,4759.2,0.0
V492r,False,3105.0,4850.0,0.0
V493r,False,3065.0,4936.8,0.0
V494r,False,3020.0,5017.6,0.0
V495r,False,2971.1,5092.5,0.0
V496r,False,2920.9,5163.3,0.0
V497r,False,2871.1,5232.2,0.0
V498r,False,2822.0,5300.8,0.0
V499r,False,2771.2,5370.3,0.0
V500r,False,2685.6,5379.7,0.0
V501r,False,2640.9,5445.0,0.0
V502r,False,2602.6,5383.7,0.0
V503r,False,2788.1,5455.4,0.0
V504r,False,2769.4,5537.0,0.0
V505r,False,2733.8,5610.1,0.0
V506r,False,2696.7,5679.6,0.0
V507r,False,2669.9,5751.2,0.0
V508r,False,3274.8,4434.5,0.0
V509r,False,3197.4,4457.2,0.0
V510r,False,3115.6,4482.7,0.0
V511r,False,3036.7,4514.5,0.0
V512r,False,2953.4,4520.2,0.0
V513r,False,2991.5,4582.0,0.0
V514r,False,3479.5,4308.5,0.0
V515r,False,3515.9,4377.8,0.0
V516r,False,3534.4,4454.3,0.0
V517r,False,3540.8,4537.4,0.0
V518r,False,3540.9,4625.9,0.0
V519r,False,3543.2,4720.6,0.0
V520r,False,3512.7,4812.4,0.0
V521r,False,3546.7,4880.0,0.0
V522r,False,3462.8,4894.1,0.0
V523r,False,3432.2,4977.6,0.0
V524r,False,3485.6,4664.8,0.0
V525r,False,3441.4,4732.3,0.0
V526r,False,3532.7,4297.6,0.0
V527r,False,3739.8,4037.3,0.0
V528r,False,3863.5,4101.8,0.0
V529r,False,3885.2,4166.8,0.0
V530r,False,3998.0,3730.5,0.0
V531r,False,4039.3,3686.7,0.0
V532r,False,4074.7,3631.6,0.0
V533r,False,3793.8,3242.9,0.0
V534r,False,3836.8,3157.9,0.0
V535r,False,3876.1,3074.3,0.0
V536r,False,3914.9,2995.4,0.0
V537r,False,3952.7,2920.6,0.0
V538r,False,3694.4,3194.2,0.0
V539r,False,3723.8,3118.7,0.0
V540r,False,3311.0,2843.9,0.0
V541r,False,3358.1,2770.8,0.0
V542r,False,3399.2,2697.4,0.0
V543r,False,2275.8,2775.6,0.0
V544r,False,2176.6,2815.2,0.0
V545r,False,2082.9,2867.9,0.0
V546r,False,2033.1,2835.5,0.0
V547r,False,1967.2,2827.2,0.0
V548r,False,1992.8,2920.3,0.0
V549r,False,1901.5,2956.5,0.0
V550r,False,1814.0,2994.1,0.0
V551r,False,1728.8,3033.0,0.0
V552r,False,1645.0,3073.1,0.0
V553r,False,1558.8,3109.4,0.0
V554r,False,1512.8,3051.4,0.0
V555r,False,1453.0,3004.4,0.0
V556r,False,1385.6,2969.0,0.0
V557r,False,1482.8,3164.4,0.0
V558r,False,1397.5,3199.0,0.0
V559r,False,1350.2,3145.3,0.0
V560r,False,1314.0,3238.0,0.0
V561r,False,1318.8,3311.8,0.0
V562r,False,1225.9,3252.9,0.0
V563r,False,1142.2,3276.2,0.0
V564r,False,1066.3,3318.0,0.0
V565r,False,985.0,3341.6,0.0
V566r,False,904.3,3365.7,0.0
V567r,False,823.6,3392.8,0.0
V568r,False,743.3,3429.4,0.0
V569r,False,750.1,3512.5,0.0
V570r,False,736.8,3594.4,0.0
V571r,False,708.1,3671.4,0.0
V572r,False,669.6,3742.3,0.0
V573r,False,653.2,3418.2,0.0
V574r,False,596.1,3484.9,0.0
V575r,False,534.8,3546.6,0.0
V576r,False,472.6,3604.9,0.0
V577r,False,408.1,3658.6,0.0
V578r,False,338.6,3706.5,0.0
V579r,False,316.1,3787.2,0.0
V580r,False,263.6,3847.9,0.0
V581r,False,257.0,3688.5,0.0
V582r,False,178.2,3700.2,0.0
V583r,False,593.4,3356.3,0.0
V584r,False,520.3,3314.4,0.0
V585r,False,442.4,3285.9,0.0
V586r,False,362.5,3267.6,0.0
V587r,False,282.2,3257.6,0.0
V588r,False,202.4,3254.0,0.0
V589r,False,123.8,3255.8,0.0
V590r,False,47.0,3261.8,0.0
V591r,False,1099.6,3212.4,0.0
V592r,False,2159.1,2861.5,0.0
V593r,False,2245.4,2739.6,0.0
V594r,False,2227.3,2682.3,0.0
V595r,False,2180.4,2733.7,0.0
V596r,False,2237.5,2440.8,0.0
V597r,False,2159.8,2445.4,0.0
V598r,False,2079.4,2455.1,0.0
V599r,False,1994.7,2465.9,0.0
V600r,False,1975.6,2401.7,0.0
V601r,False,1907.3,2474.8,0.0
V602r,False,1872.6,2531.7,0.0
V603r,False,1818.9,2472.2,0.0
V604r,False,1735.4,2489.3,0.0
V605r,False,1655.0,2469.9,0.0
V606r,False,1574.1,2485.1,0.0
V607r,False,1680.8,2546.8,0.0
V608r,False,2238.2,2088.4,0.0
V609r,False,2340.5,1964.9,0.0
V610r,False,2410.5,1937.4,0.0
V611r,False,2475.6,1894.9,0.0
V612r,False,2535.2,1843.3,0.0
V613r,False,2589.3,1786.7,0.0
V614r,False,2148.4,1866.6,0.0
V615r,False,2168.7,1819.2,0.0
V616r,False,2190.6,1756.0,0.0
V617r,False,2067.0,1817.8,0.0
V618r,False,2004.2,1749.9,0.0
V619r,False,1920.9,1710.4,0.0
V620r,False,1873.5,1747.1,0.0
V621r,False,1838.9,1667.3,0.0
V622r,False,1757.1,1633.7,0.0
V623r,False,1712.4,1683.2,0.0
V624r,False,1674.1,1599.7,0.0
V625r,False,1587.1,1576.1,0.0
V626r,False,1566.1,1492.9,0.0
V627r,False,1525.0,1419.7,0.0
V628r,False,1477.6,1336.3,0.0
V629r,False,1416.0,1274.8,0.0
V630r,False,1351.4,1212.2,0.0
V631r,False,1387.9,1129.5,0.0
V632r,False,1402.6,1043.4,0.0
V633r,False,1397.7,958.1,0.0
V634r,False,1378.7,876.4,0.0
V635r,False,1350.0,799.2,0.0
V636r,False,1314.6,726.2,0.0
V637r,False,1275.5,656.3,0.0
V638r,False,1237.0,585.4,0.0
V639r,False,1163.7,549.6,0.0
V640r,False,1259.6,508.4,0.0
V641r,False,1256.1,1221.4,0.0
V642r,False,1202.3,1162.4,0.0
V643r,False,1125.9,1122.2,0.0
V644r,False,1107.5,1042.5,0.0
V645r,False,1062.8,977.8,0.0
V646r,False,1041.8,1124.5,0.0
V647r,False,964.2,1098.9,0.0
V648r,False,1225.4,1094.1,0.0
V649r,False,1176.7,1265.0,0.0
V650r,False,1088.2,1281.9,0.0
V651r,False,1000.6,1282.6,0.0
V652r,False,917.9,1270.5,0.0
V653r,False,1361.7,1315.4,0.0
V654r,False,1547.9,1371.2,0.0
V655r,False,1458.8,1408.6,0.0
V656r,False,1509.6,1623.7,0.0
V657r,False,1427.4,1656.8,0.0
V658r,False,1342.7,1679.4,0.0
V659r,False,1256.6,1693.3,0.0
V660r,False,1210.6,1752.7,0.0
V661r,False,1169.7,1681.5,0.0
V662r,False,1085.7,1692.3,0.0
V663r,False,1005.1,1694.0,0.0
V664r,False,2030.4,1682.8,0.0
V665r,False,2046.6,1611.0,0.0
V666r,False,2059.6,1537.1,0.0
V667r,False,2104.7,1474.5,0.0
V668r,False,2027.4,1469.6,0.0
V669r,False,2011.2,1857.1,0.0
V670r,False,1993.1,1911.9,0.0
V671r,False,1935.2,1880.7,0.0
V672r,False,1861.3,1903.9,0.0
V673r,False,1783.5,1914.4,0.0
V674r,False,1704.4,1921.0,0.0
V675r,False,1625.3,1925.9,0.0
