sub_id,inlet_node,outlet_node
S0,V15s,V15r
S1,V18s,V18r
S2,V28s,V28r
S3,V32s,V32r
S4,V38s,V38r
S5,V44s,V44r
S6,V64s,V64r
S7,V67s,V67r
S8,V68s,V68r
S9,V75s,V75r
S10,V77s,V77r
S11,V82s,V82r
S12,V86s,V86r
S13,V101s,V101r
S14,V103s,V103r
S15,V111s,V111r
S16,V112s,V112r
S17,V120s,V120r
S18,V130s,V130r
S19,V140s,V140r
S20,V141s,V141r
S21,V142s,V142r
S22,V158s,V158r
S23,V161s,V161r
S24,V172s,V172r
S25,V180s,V180r
S26,V188s,V188r
S27,V189s,V189r
S28,V203s,V203r
S29,V209s,V209r
S30,V214s,V214r
S31,V216s,V216r
S32,V217s,V217r
S33,V218s,V218r
S34,V221s,V221r
S35,V226s,V226r
S36,V234s,V234r
S37,V246s,V246r
S38,V260s,V260r
S39,V264s,V264r
S40,V266s,V266r
S41,V267s,V267r
S42,V271s,V271r
S43,V272s,V272r
S44,V274s,V274r
S45,V275s,V275r
S46,V276s,V276r
S47,V278s,V278r
S48,V279s,V279r
S49,V282s,V282r
S50,V283s,V283r
S51,V291s,V291r
S52,V292s,V292r
S53,V293s,V293r
S54,V298s,V298r
S55,V303s,V303r
S56,V304s,V304r
S57,V309s,V309r
S58,V310s,V310r
S59,V313s,V313r
S60,V319s,V319r
S61,V323s,V323r
S62,V327s,V327r
S63,V330s,V330r
S64,V333s,V333r
S65,V339s,V339r
S66,V340s,V340r
S67,V344s,V344r
S68,V350s,V350r
S69,V359s,V359r
S70,V362s,V362r
S71,V364s,V364r
S72,V365s,V365r
S73,V367s,V367r
S74,V379s,V379r
S75,V380s,V380r
S76,V388s,V388r
S77,V391s,V391r
S78,V392s,V392r
S79,V407s,V407r
S80,V416s,V416r
S81,V425s,V425r
S82,V426s,V426r
S83,V428s,V428r
S84,V430s,V430r
S85,V431s,V431r
S86,V438s,V438r
S87,V451s,V451r
S88,V453s,V453r
S89,V454s,V454r
S90,V459s,V459r
S91,V463s,V463r
S92,V464s,V464r
S93,V470s,V470r
S94,V471s,V471r
S95,V478s,V478r
S96,V480s,V480r
S97,V486s,V486r
S98,V489s,V489r
S99,V490s,V490r
S100,V501s,V501r
S101,V502s,V502r
S102,V507s,V507r
S103,V512s,V512r
S104,V513s,V513r
S105,V521s,V521r
S106,V523s,V523r
S107,V525s,V525r
S108,V526s,V526r
S109,V527s,V527r
S110,V529s,V529r
S111,V532s,V532r
S112,V537s,V537r
S113,V539s,V539r
S114,V542s,V542r
S115,V547s,V547r
S116,V556s,V556r
S117,V559s,V559r
S118,V561s,V561r
S119,V572s,V572r
S120,V580s,V580r
S121,V582s,V582r
S122,V590s,V590r
S123,V591s,V591r
S124,V592s,V592r
S125,V594s,V594r
S126,V595s,V595r
S127,V600s,V600r
S128,V602s,V602r
S129,V606s,V606r
S130,V607s,V607r
S131,V608s,V608r
S132,V613s,V613r
S133,V616s,V616r
S134,V620s,V620r
S135,V623s,V623r
S136,V639s,V639r
S137,V640s,V640r
S138,V645s,V645r
S139,V647s,V647r
S140,V648s,V648r
S141,V652s,V652r
S142,V653s,V653r
S143,V655s,V655r
S144,V660s,V660r
S145,V663s,V663r
S146,V667s,V667r
S147,V668s,V668r
S148,V670s,V670r
S149,V675s,V675r
